{
	"$schema": "https://schemas.wp.org/wp/6.1/theme.json",
	"version": 2,
	"templateParts": [
		{
			"area": "header",
			"name": "header"
		},
		{
			"area": "footer",
			"name": "footer"
		}
	],
	"settings": {
		"appearanceTools": true,
		"color": {
			"duotone": [
				{
					"colors": [
						"#000000",
						"#ffffff"
					],
					"name": "heading and background",
					"slug": "heading-and-background"
				},
				{
					"colors": [
						"#000000",
						"#ffe2c7"
					],
					"name": "heading and secondary",
					"slug": "heading-and-secondary"
				},
				{
					"colors": [
						"#000000",
						"#f6f6f6"
					],
					"name": "heading and tertiary",
					"slug": "heading-and-tertiary"
				},
				{
					"colors": [
						"#1a4548",
						"#ffffff"
					],
					"name": "Primary and background",
					"slug": "primary-and-background"
				},
				{
					"colors": [
						"#1a4548",
						"#ffe2c7"
					],
					"name": "Primary and secondary",
					"slug": "primary-and-secondary"
				},
				{
					"colors": [
						"#1a4548",
						"#f6f6f6"
					],
					"name": "Primary and tertiary",
					"slug": "primary-and-tertiary"
				}
			],
			"gradients": [
				{
					"gradient": "linear-gradient(to right, #0f2027, #203a43, #2c5364)",
					"name": "MoonlitAsteroid secondary to tertiary",
					"slug": "moonlitasteroid-secondary-to-tertiary"
				},
				{
					"gradient": "linear-gradient(to right, #ff9966, #ff5e62)",
					"name": "Orange Coral to background",
					"slug": "orange-coral-to-background"
				},
				{
					"gradient": "linear-gradient(to right, #0575e6, #021b79)",
					"name": "VeryBlue to background",
					"slug": "veryblue-tertiary-to-background"
				},
				{
					"gradient": "linear-gradient(to right, #dbe6f6, #c5796d)",
					"name": "Jaipur primary to heading",
					"slug": "jaipur-primary-to-heading"
				},
				{
					"gradient": "linear-gradient(to right, #283048, #859398)",
					"name": "Titanium to background",
					"slug": "titanium-secondary-to-background"
				},
				{
					"gradient": "linear-gradient(to right, #0052d4, #4364f7, #6fb1fc)",
					"name": "Bluelagoo background to secondary",
					"slug": "bluelagoo-background-to-secondary"
				},
				{
					"gradient": "linear-gradient(to right, #02aab0, #00cdac)",
					"name": "Green Beach tertiary to background",
					"slug": "greenbeach-to-background"
				},
				{
					"gradient": "linear-gradient(to right, #1d976c, #93f9b9)",
					"name": "Mojito background to tertiary",
					"slug": "mojito-background-to-tertiary"
				}
			],
			"palette": [
				{
		            "color": "#f7f7f7",
		            "name": "Background",
		            "slug": "background"
       			},
		        {
		          "color": "#161c30",
		          "name": "Dark Background",
		          "slug": "dark-background"
		        },
		        {
		          "color": "#999",
		          "name": "Light Background",
		          "slug": "light-background"
		        },
		        {
		          "color": "#ffffff",
		          "name": "Heading Color",
		          "slug": "heading"
		        },
		        {
		          "slug": "bodytext",
		          "color": "#666",
		          "name": "Body Text"
		        },
		        {
		          "slug": "button-border",
		          "color": "#00badb",
		          "name": "Button Border"
		        },
		        {
		          "color": "#00badb",
		          "name": "Accent",
		          "slug": "accent"
		        }
			]
		},
		"custom": {
			"spacing": {
				"baseline": "16px",
				"gap": {
					"horizontal": "clamp( calc( 1.5 * var( --wp--custom--spacing--baseline ) ), 2.222vw, calc( 2 * var( --wp--custom--spacing--baseline ) ) )",
					"vertical": "clamp( calc( 1.5 * var( --wp--custom--spacing--baseline ) ), 3.333vw, calc( 3 * var( --wp--custom--spacing--baseline ) ) )"
				},
				"gutter": "clamp( calc( 1.5 * var( --wp--custom--spacing--baseline ) ), 3.333vw, calc( 3 * var( --wp--custom--spacing--baseline ) ) )",
				"outer": "var( --wp--custom--spacing--gutter )",
				"small": "min(24px, 6.4vw)"
			}
		},
		"layout": {
			"contentSize": "800px",
			"wideSize": "1350px"
		},
		"spacing": {
			"units": [
				"%",
				"px",
				"em",
				"rem",
				"vh",
				"vw"
			]
		},
		"typography": {
			"customFontSize": true,
			"fontFamilies": [
				{
					"fontFace": [
						{
							"fontDisplay": "block",
							"fontFamily": "Lato",
							"fontStretch": "normal",
							"fontStyle": "normal",
							"fontWeight": "400",
							"src": [
								"file:./third-party/fonts/site-font/Lato-Regular.ttf"
							]
						},
						{
							"fontDisplay": "block",
							"fontFamily": "Lato",
							"fontStretch": "normal",
							"fontStyle": "normal",
							"fontWeight": "700",
							"src": [
								"file:./third-party/fonts/site-font/Lato-Bold.ttf"
							]
						}
					],
					"fontFamily": "Lato, serif",
					"name": "Lato",
					"slug": "lato"
				}
			],
			"fontSizes": [
				{
					"name": "Tiny",
					"size": "13px",
					"slug": "tiny"
				},
				{
					"name": "Extra Small",
					"size": "14px",
					"slug": "extra-small"
				},
				{
					"name": "Small",
					"size": "15px",
					"slug": "small"
				},
				{
					"name": "Medium",
					"size": "16px",
					"slug": "medium"
				},
				{
					"name": "Upper Heading",
					"size": "18px",
					"slug": "upper-heading"
				},
				{
					"name": "Normal",
					"size": "clamp(18px,1.6vw,20px)",
					"slug": "normal"
				},
				{
					"name": "Content Heading",
					"size": "clamp(22px,4.2vw,24px)",
					"slug": "content-heading"
				},
				{
					"name": "Large",
					"size": "clamp(28px,4.2vw,32px)",
					"slug": "large"
				},
				{
					"name": "Extra large (Recent Post Title)",
					"size": "clamp(32px,6vw,36px)",
					"slug": "extra-large"
				},
				{
					"name": "Huge (Display)",
					"size": "clamp(36px,5.2vw,80px)",
					"slug": "huge"
				}
			]
		}
	},
	"styles": {
		"blocks": {
			"core/columns": {
				"border": {
					"radius": "10px"
				  }
			},
			"core/navigation": {
				"typography": {
					"fontSize": "var(--wp--preset--font-size--medium)",
					"fontWeight": "600",
					"lineHeight": "normal"
				}
			},
			"core/site-title": {
				"elements": {
					"link": {
						":hover": {
							"typography": {
								"textDecoration": "none"
							}
						},
						"typography": {
							"textDecoration": "none"
						}
					}
				}
			},
			"core/button": {
		        "border": {
		          "radius": "4px"
		        },
		        "color": {
		          "background": "var(--wp--preset--color--accent)",
		          "text": "var(--wp--preset--color--background)"
		        }
		   }
		},
		"color": {
			"background": "var(--wp--preset--color--background)",
			"text": "var(--wp--preset--color--bodytext)"
		},
		"elements": {
			"h1": {
				"typography": {
					"fontFamily": "var(--wp--preset--font-family--lato)",
					"fontSize": "var(--wp--preset--font-size--large)",
					"lineHeight": "normal"
				}
			},
			"h2": {
				"typography": {
					"fontFamily": "var(--wp--preset--font-family--lato)",
					"fontSize": "var(--wp--preset--font-size--upper-heading)",
					"lineHeight": "normal"
				}
			},
			"h3": {
				"typography": {
					"fontFamily": "var(--wp--preset--font-family--lato)",
					"fontSize": "var(--wp--preset--font-size--content-heading)",
					"lineHeight": "normal"
				}
			},
			"h4": {
				"typography": {
					"fontFamily": "var(--wp--preset--font-family--lato)",
					"fontSize": "var(--wp--preset--font-size--normal)",
					"lineHeight": "normal"
				}
			},
			"h5": {
				"typography": {
					"fontFamily": "var(--wp--preset--font-family--lato)",
					"fontSize": "var(--wp--preset--font-size--medium)",
					"lineHeight": "normal"
				}
			},
			"h6": {
				"typography": {
					"fontFamily": "var(--wp--preset--font-family--lato)",
					"fontSize": "var(--wp--preset--font-size--extra-small)",
					"lineHeight": "normal"
				}
			},
			"link": {
				":active": {
					"typography": {
						"textDecoration": "none"
					}
				},
				":focus": {
					"typography": {
						"textDecoration": "none"
					}
				},
				":hover": {
					"color": {
						"text": "var(--wp--preset--color--accent)"
					},
					"typography": {
						"textDecoration": "none"
					}
				},
				"color": {
					"text": "var:preset|color|heading"
				}
				
			}
		},
		"typography": {
			"fontFamily": "var(--wp--preset--font-family--lato)",
			"fontSize": "var(--wp--preset--font-size--medium)",
			"lineHeight": "normal"
		}
	}
}